,clip_name
0,Q2_l-4Kce3YxxQ_1.mid
1,Q2_61EA0xRX8gE_4.mid
2,Q1_s6-SbDSZzEU_1.mid
3,Q1_8rupdevqfuI_1.mid
4,Q3_ldCQ6N9G6Mk_3.mid
5,Q3_H6_7DjsbROQ_0.mid
6,Q3_2v6gJi03LlA_1.mid
7,Q2_9v2WSpn4FCw_7.mid
8,Q4_CkjAksZstEA_1.mid
9,Q4_ADJ_PDauy-g_2.mid
10,Q2_qlbazHayULg_12.mid
11,Q3_H6_7DjsbROQ_3.mid
12,Q3_JNzqL24ZcZ8_0.mid
13,Q1_6Uf9XBUD3wE_1.mid
14,Q3_-vAz_HTFEXs_1.mid
15,Q4_kMHiU0fhWVw_3.mid
16,Q3_IH2KrGjKXw0_0.mid
17,Q1_WpZ1rWHOCAQ_0.mid
18,Q3_veG92Oi-DlU_2.mid
19,Q4_VCSDjQxAJzc_0.mid
20,Q4_KRlAez34QfE_2.mid
21,Q2_pouxqiySdI8_1.mid
22,Q1_yFw_kO7DF-Y_1.mid
23,Q2_-jJVb0xvbdg_0.mid
24,Q2_sEQf5lcnj_o_3.mid
25,Q4_fShAWhXIits_0.mid
26,Q3_uj3Gif77SYM_7.mid
27,Q4_Y1F0c3zgMJo_1.mid
28,Q2_ufRISSD28XA_0.mid
29,Q1_NP0lwB-_-og_1.mid
30,Q1_94ROf10d1iA_2.mid
31,Q1_bIx4DwkZxFY_0.mid
32,Q4_Ury1cdB79s0_0.mid
33,Q4_Q49PWE0RJLY_0.mid
34,Q2_eGQUZ9FlUJ4_1.mid
35,Q3_ilCcZpD39HU_4.mid
36,Q4_BIRDDxz0E4c_1.mid
37,Q2_TcFVq0leii4_1.mid
38,Q2_REq37pDAm3A_2.mid
39,Q2_Dg935IbDggo_3.mid
40,Q4_I2MrA-o5H8I_1.mid
41,Q2_ZdyiXIlKe_Y_1.mid
42,Q2_S1T3UF1vhSk_1.mid
43,Q3_ilCcZpD39HU_0.mid
44,Q2_mlHheZbblT0_1.mid
45,Q3_vVTP0DOL_2Q_1.mid
46,Q1_DX1IK3z1w10_1.mid
47,Q3_bbU31JLtlug_0.mid
48,Q4_vpTguZtJAFA_1.mid
49,Q2_8c7kcmsnf-s_0.mid
50,Q3_2eIsQtm4YNs_0.mid
51,Q4_mGYKWCVnMwQ_1.mid
52,Q2_7n32BtYb4d4_2.mid
53,Q3_9Xg69XrVaYU_0.mid
54,Q3_0c2dTJTDUR4_0.mid
55,Q1_8rupdevqfuI_0.mid
56,Q3_K84TcgjCRt4_1.mid
57,Q1_3N2G21U7guk_6.mid
58,Q2_z5ewpQwGDNw_1.mid
59,Q3_ISCVfmBvYoM_0.mid
60,Q2_1kny88W533Q_0.mid
61,Q4_iXiSFSGws-c_0.mid
62,Q4_ldCQ6N9G6Mk_0.mid
63,Q2_ZTrEoB8T9YA_2.mid
64,Q1_UOSlDydo94E_1.mid
65,Q3_ItGNJM6skM4_0.mid
66,Q4_3As1t6JySDE_0.mid
67,Q3_QJlnTN7HRwE_3.mid
68,Q1_NGE9ynTJABg_1.mid
69,Q2_0J7lX-Tcx-w_2.mid
70,Q4_Gcbk0GPT3-g_1.mid
71,Q4_vBHoSz8cJIE_4.mid
72,Q1_SQDuF0qxGQw_0.mid
73,Q3_3ZnxqCZ7qGg_0.mid
74,Q4_lQCrA2TE-fo_0.mid
75,Q2_JYVXM0qNQAg_1.mid
76,Q2_08t73Qgjkt4_2.mid
77,Q2_5NW0zDu6IYM_0.mid
78,Q3_wS0RzrBL9UI_0.mid
79,Q4_DvIH5yUrboc_2.mid
80,Q4_yC0fAQxGgr0_0.mid
81,Q1_7yW9c7t8Hq0_1.mid
82,Q2_ezoAduuCkUs_0.mid
83,Q3_JT1XJnVmABo_1.mid
84,Q3_7JIdJLkJ0S4_0.mid
85,Q2_16OaOpfOPZ0_2.mid
86,Q2__vZOEQCYSaY_1.mid
87,Q3_Oku8sIpTMAE_0.mid
88,Q4_Dw7M69CidJ8_0.mid
89,Q4_FyK_c-TIcCA_1.mid
90,Q3__S991V8N-8s_0.mid
91,Q1_RaUSISlnhKw_0.mid
92,Q2_UE0y8MHqT-g_2.mid
93,Q1_vv6nrZ2myXw_1.mid
94,Q3_g-yM0Lsp4lc_1.mid
95,Q3_x4B0raxVODA_3.mid
96,Q1_9v2WSpn4FCw_1.mid
97,Q3_uj3Gif77SYM_4.mid
98,Q4_V_jbWvQNh5c_0.mid
99,Q4_fOYX0uH8mSQ_0.mid
100,Q2_PZN7XLKzLDI_0.mid
101,Q1_dfNdpy8TUzA_1.mid
102,Q4_nGkpcWNAxDU_0.mid
103,Q1_FfwKrQyQ7WU_1.mid
104,Q2_mlHheZbblT0_0.mid
105,Q1_yFw_kO7DF-Y_0.mid
106,Q2_ivCNV47tsRw_0.mid
107,Q1_T92R7xjce34_1.mid
108,Q2_6n8HgIcJ6vo_0.mid
109,Q2_XfA2KXodrOE_0.mid
110,Q2_1kny88W533Q_3.mid
111,Q4_qRceKZtwRWA_0.mid
112,Q3_TonQX8XbvX8_3.mid
113,Q1_1Qc15G0ZHIg_3.mid
114,Q4_nGkpcWNAxDU_1.mid
115,Q2_cm6E860vDjY_0.mid
116,Q2_8c7kcmsnf-s_2.mid
117,Q3_uj3Gif77SYM_0.mid
118,Q2_jrVXitpLGMk_2.mid
119,Q4_KxlqB3j0zys_2.mid
120,Q3_rEz0D3VohFA_0.mid
121,Q4_jSWItJI-Gmk_0.mid
122,Q2_Uu-oRTRT6uQ_0.mid
123,Q1_2Z9SjI131jA_3.mid
124,Q1_Wy2-my19YnY_0.mid
125,Q2_TcFVq0leii4_2.mid
126,Q3_-vAz_HTFEXs_0.mid
127,Q4_f2b4kpdw7_c_0.mid
128,Q3_7JIdJLkJ0S4_1.mid
129,Q3_X1p8xcarVu0_2.mid
130,Q4_k6aLLVX1D7Y_2.mid
131,Q1_6wFJhmhNeeg_0.mid
132,Q1_2Z9SjI131jA_8.mid
133,Q3_G4rL_OtfFAU_1.mid
134,Q4_KxlqB3j0zys_3.mid
135,Q3_UuLTvhERcnk_0.mid
136,Q4_aQ4PIaRMLwE_2.mid
137,Q4_kfYaGryaGzI_1.mid
138,Q4_-_FjI4bT2Wo_1.mid
139,Q4_3N2G21U7guk_2.mid
140,Q3_0lEL_XHyhuU_3.mid
141,Q4_Tc684nD8CEA_4.mid
142,Q4_HQ8ISDX6PiI_1.mid
143,Q1_im4Qxn3GQvo_0.mid
144,Q4_kfYaGryaGzI_0.mid
145,Q3_D3onzY4MNxE_0.mid
146,Q2_ivCNV47tsRw_3.mid
147,Q2_ZdyiXIlKe_Y_0.mid
148,Q3_G4rL_OtfFAU_0.mid
149,Q3_4Er-eFHSHA4_2.mid
150,Q4_7gifuoofgpk_0.mid
151,Q1__kJtgm1OUNA_0.mid
152,Q2_DhnX54kOW8U_0.mid
153,Q2_cFWdWpyvwag_0.mid
154,Q1_2Z9SjI131jA_2.mid
155,Q4_V3Y9L4UOcpk_0.mid
156,Q3_TonQX8XbvX8_1.mid
157,Q2_--2B4d4lQhs_1.mid
158,Q1_vv6nrZ2myXw_3.mid
159,Q4_UbKAl4roB8k_2.mid
160,Q1_cB-Xh8H_7-Q_0.mid
161,Q4_OoxI6k0Qsno_1.mid
162,Q3_egYSmNuIFGk_2.mid
163,Q2_61EA0xRX8gE_1.mid
164,Q1_im4Qxn3GQvo_1.mid
165,Q3_UE0y8MHqT-g_0.mid
166,Q2_EtAbPc20mn8_0.mid
167,Q4_UbKAl4roB8k_0.mid
168,Q3_veG92Oi-DlU_1.mid
169,Q3_wfXSdMsd4q8_2.mid
170,Q3__vZOEQCYSaY_2.mid
171,Q1_7yW9c7t8Hq0_3.mid
172,Q2_JMt4m608s3k_2.mid
173,Q4_gwmVjvR-sVs_2.mid
174,Q2_qlbazHayULg_5.mid
175,Q4_E6MARl3zjnQ_0.mid
176,Q1_o5AIp2Yc01M_1.mid
177,Q1_3N2G21U7guk_5.mid
178,Q2_ufRISSD28XA_1.mid
179,Q1_NGE9ynTJABg_0.mid
180,Q3_D3onzY4MNxE_1.mid
181,Q2_snfsc7pEzlk_1.mid
182,Q3_xIsvaT20pZ0_1.mid
183,Q1_wnB2cjd6zbE_0.mid
184,Q2_eGQUZ9FlUJ4_0.mid
185,Q3_wfXSdMsd4q8_1.mid
186,Q1_Jn9r0avp0fY_0.mid
187,Q4_GAvPwG2wYZM_1.mid
188,Q3_tfuul78deOs_0.mid
189,Q4_Xlv4PPGrRRs_0.mid
190,Q1_sZe3IB1OVfw_1.mid
191,Q4_uUtnyA6tLnI_0.mid
192,Q3_ilCcZpD39HU_3.mid
193,Q4_Cir1kZyB7QM_0.mid
194,Q3_Oku8sIpTMAE_1.mid
195,Q1_1vjy9oMFa8c_4.mid
196,Q1_6kRPHamGDSo_0.mid
197,Q4_PZN7XLKzLDI_1.mid
198,Q3_wqc8iqbDsGM_0.mid
199,Q3_UJcnNfeCN1c_0.mid
200,Q1_BGf5nCdzPOc_0.mid
201,Q2_Q5b5unyP8BM_0.mid
202,Q2_yhIncZ_Ue4E_0.mid
203,Q4_r_sD61KeUQU_0.mid
204,Q2_L3_TadjSQQ0_1.mid
205,Q4_6oLmO9ZSJt0_0.mid
206,Q4_JP3QKZlyQz4_0.mid
207,Q2_l-4Kce3YxxQ_2.mid
208,Q3_1cgO42sh-ZY_0.mid
209,Q3_ldCQ6N9G6Mk_2.mid
210,Q3_vVTP0DOL_2Q_3.mid
211,Q4_QBJ6YYYpIyk_0.mid
212,Q2_61EA0xRX8gE_0.mid
213,Q3_qlbazHayULg_3.mid
214,Q2_qlbazHayULg_10.mid
215,Q4_gxsdWKc1QaM_0.mid
216,Q3_PXOWy7NiZhk_1.mid
217,Q4_9eMxCs-LXCE_2.mid
218,Q3_gvWDOIiocuE_2.mid
219,Q1_JT1XJnVmABo_4.mid
220,Q4_2Z9SjI131jA_5.mid
221,Q4_MT2_mXn-vGU_0.mid
222,Q2_--2B4d4lQhs_0.mid
223,Q2_epX33OVpkmA_0.mid
224,Q4_XWk5XUEBXmg_0.mid
225,Q3_77z6Ep3aOmg_1.mid
226,Q4_lvfNo4KOTmM_0.mid
227,Q1_fey-8bOR95E_3.mid
228,Q1_ANZf1QXsNrY_3.mid
229,Q4_2Z9SjI131jA_6.mid
230,Q1_ANZf1QXsNrY_1.mid
231,Q1_HY9vPoHbgaI_1.mid
232,Q2_yrvKReuwVlY_0.mid
233,Q1_uqRLEByE6pU_1.mid
234,Q1_1vjy9oMFa8c_5.mid
235,Q4_Tc684nD8CEA_2.mid
236,Q1_HY9vPoHbgaI_2.mid
237,Q4_TOXg4-ZGb-g_0.mid
238,Q4_j8Ir-ssM-AA_1.mid
239,Q3_IH2KrGjKXw0_1.mid
240,Q4_FoTXpYZXxJs_1.mid
241,Q2_78C_TpQDvVE_1.mid
242,Q3_gvWDOIiocuE_0.mid
243,Q4_iXiSFSGws-c_2.mid
244,Q2_UJcnNfeCN1c_1.mid
245,Q3_yZGBxiNPu3k_2.mid
246,Q3_xYZ8n8ULaNo_0.mid
247,Q4_kMHiU0fhWVw_2.mid
248,Q1_miqLU2739dk_1.mid
249,Q2_61EA0xRX8gE_5.mid
250,Q3_jTPXwbDtIpA_0.mid
251,Q4_GAvPwG2wYZM_0.mid
252,Q4_170KC2CbJ7Y_0.mid
253,Q2_AacIP9mDLw8_0.mid
254,Q3_TYkTOwBfFB8_0.mid
255,Q3_wqc8iqbDsGM_3.mid
256,Q4_FoTXpYZXxJs_0.mid
257,Q2_qlbazHayULg_11.mid
258,Q1_BGf5nCdzPOc_1.mid
259,Q4_UpHutdJvZMI_2.mid
260,Q4_Dw7M69CidJ8_1.mid
261,Q1_Y5JcZQ0xg4Y_0.mid
262,Q3_p2qihp_PnLY_1.mid
263,Q3_vVTP0DOL_2Q_0.mid
264,Q3_wqc8iqbDsGM_2.mid
265,Q2_Dg935IbDggo_0.mid
266,Q2__S991V8N-8s_1.mid
267,Q3_uj3Gif77SYM_5.mid
268,Q4_pzeHffxmdcE_0.mid
269,Q4_sA9ac1rod84_1.mid
270,Q3_uj3Gif77SYM_3.mid
271,Q1_Y5JcZQ0xg4Y_2.mid
272,Q2_ivCNV47tsRw_1.mid
273,Q1_jziI_cuN_H8_2.mid
274,Q1_Fc1qk52SaKY_0.mid
275,Q1_JT1XJnVmABo_3.mid
276,Q3_pbVGv_g4n50_0.mid
277,Q4_BaHHHgDd0BU_0.mid
278,Q4_5J_zI7QE9W8_0.mid
279,Q4_Xf2fox7zhCQ_1.mid
280,Q2_--2B4d4lQhs_2.mid
281,Q3_ZvD8QSO7NPw_0.mid
282,Q2_UAm0aWvzFI8_1.mid
283,Q1_2Z9SjI131jA_11.mid
284,Q3_kDGmND1BgmA_0.mid
285,Q1_2Z9SjI131jA_4.mid
286,Q1_K6OFDxBU370_1.mid
287,Q2_qlbazHayULg_1.mid
288,Q2_1TAKQK3s6qQ_0.mid
289,Q3_ZvD8QSO7NPw_1.mid
290,Q1_KxlqB3j0zys_1.mid
291,Q4_BaHHHgDd0BU_1.mid
292,Q1_fey-8bOR95E_1.mid
293,Q3_wlOa1jkTn_U_2.mid
294,Q4_jNzZCplNNyY_0.mid
295,Q4_1Qc15G0ZHIg_0.mid
296,Q3_iRu9KQvbtVw_0.mid
297,Q3_D8Ed5PZXfF4_0.mid
298,Q3_K84TcgjCRt4_2.mid
299,Q2_Uu-oRTRT6uQ_2.mid
300,Q4_ltNK_MY1HkM_1.mid
301,Q2_2uLw9Zs60A4_0.mid
302,Q1_94ROf10d1iA_3.mid
303,Q3_Adil-zpJdEs_0.mid
304,Q4_GbUV3TXUzeQ_0.mid
305,Q2_ZTrEoB8T9YA_0.mid
306,Q2_sEQf5lcnj_o_0.mid
307,Q3_X1p8xcarVu0_0.mid
308,Q2_x5ibvz38jOs_0.mid
309,Q3_QJlnTN7HRwE_1.mid
310,Q4_prUUays30Mg_1.mid
311,Q4_YAAxPW1GB7w_0.mid
312,Q3__vZOEQCYSaY_0.mid
313,Q4_61EA0xRX8gE_2.mid
314,Q2_yZGBxiNPu3k_0.mid
315,Q4_DX1IK3z1w10_0.mid
316,Q4_iGHgeUCPotc_0.mid
317,Q2_dtS02mrDMsM_0.mid
318,Q4_heBmBQDWj-M_0.mid
319,Q3_VrWAZLRdQO8_1.mid
320,Q3_wfXSdMsd4q8_3.mid
321,Q2_WQrPcuy50aA_0.mid
322,Q4_sA9ac1rod84_0.mid
323,Q1_WpZ1rWHOCAQ_1.mid
324,Q4_UbKAl4roB8k_1.mid
325,Q2_AacIP9mDLw8_2.mid
326,Q4_hoPp_GLXQis_1.mid
327,Q4_oTi57hZfArE_0.mid
328,Q1_UOSlDydo94E_0.mid
329,Q1_POaIGvLsp5M_1.mid
330,Q1_TNoaOTrTkTQ_2.mid
331,Q2_S7Bo4-NCEDk_2.mid
332,Q4_NP0lwB-_-og_0.mid
333,Q3_uj3Gif77SYM_6.mid
334,Q3_PXOWy7NiZhk_0.mid
335,Q1_Fc1qk52SaKY_1.mid
336,Q3_FUAK5TBaNY8_3.mid
337,Q4_5Ju9q1N2x0E_1.mid
338,Q1_FfwKrQyQ7WU_3.mid
339,Q1_gSwv8hZGM-s_1.mid
340,Q2_0H4rq0L9OSw_1.mid
341,Q1_bQS8eAXAhyE_2.mid
342,Q1_2Z9SjI131jA_15.mid
343,Q2_k4lT-sXg3iI_1.mid
344,Q2_cQp1BYDGcRo_0.mid
345,Q3_zMa78n8ULtE_0.mid
346,Q1_nOIBJHkqrE8_0.mid
347,Q4_0c2dTJTDUR4_1.mid
348,Q3_xIsvaT20pZ0_0.mid
349,Q2_k4lT-sXg3iI_2.mid
350,Q3_tfuul78deOs_1.mid
351,Q1_ANZf1QXsNrY_5.mid
352,Q2_QmK_SND2jAw_1.mid
353,Q3_nBIls0laAAU_1.mid
354,Q2_Uu-oRTRT6uQ_1.mid
355,Q2_D5kyjnlDNZs_1.mid
356,Q3_H6_7DjsbROQ_2.mid
357,Q4_6oLmO9ZSJt0_1.mid
358,Q2_jrVXitpLGMk_0.mid
359,Q1_TNoaOTrTkTQ_0.mid
360,Q3_vVTP0DOL_2Q_2.mid
361,Q3_BIRDDxz0E4c_0.mid
362,Q2_yrvKReuwVlY_1.mid
363,Q1_bQS8eAXAhyE_1.mid
364,Q3_TonQX8XbvX8_0.mid
365,Q3_FH28sPhm9Dc_0.mid
366,Q3_NTI9ode6bRk_1.mid
367,Q4_aQ4PIaRMLwE_1.mid
368,Q1_uqRLEByE6pU_2.mid
369,Q4_HYVmgq5Y93g_2.mid
370,Q3_RL_cmmNVLfs_0.mid
371,Q2_iwxwLEvqeD8_1.mid
372,Q2_l-4Kce3YxxQ_0.mid
373,Q4_hoPp_GLXQis_0.mid
374,Q1_Jn9r0avp0fY_1.mid
375,Q4_JT1XJnVmABo_2.mid
376,Q1_UYh88SRZC24_0.mid
377,Q4_12tDlCQVRtA_0.mid
378,Q3_MbvPxCUMSek_1.mid
379,Q1_UJcnNfeCN1c_2.mid
380,Q4_k-FNDbK6Qhg_1.mid
381,Q2_08t73Qgjkt4_1.mid
382,Q1_uqRLEByE6pU_0.mid
383,Q2_snfsc7pEzlk_0.mid
384,Q2_ANZf1QXsNrY_6.mid
385,Q3_S1T3UF1vhSk_0.mid
386,Q2_sEQf5lcnj_o_1.mid
387,Q2_f2BXXa7lPuE_0.mid
388,Q4_FyK_c-TIcCA_0.mid
389,Q4_UpHutdJvZMI_1.mid
390,Q4_kMHiU0fhWVw_0.mid
391,Q1_Wy2-my19YnY_1.mid
392,Q3_x4B0raxVODA_1.mid
393,Q2_miqLU2739dk_0.mid
394,Q2_qlbazHayULg_0.mid
395,Q1_e8NQ2NH0nc8_1.mid
396,Q3_Oku8sIpTMAE_4.mid
397,Q2_qlbazHayULg_7.mid
398,Q2_wfXSdMsd4q8_5.mid
399,Q3_REq37pDAm3A_4.mid
400,Q2_61EA0xRX8gE_3.mid
401,Q4_6kRPHamGDSo_2.mid
402,Q1_im4Qxn3GQvo_2.mid
403,Q1_sZe3IB1OVfw_0.mid
404,Q4_Ury1cdB79s0_1.mid
405,Q2_ijfxkQPAQdE_1.mid
406,Q1_SQDuF0qxGQw_1.mid
407,Q2_JMt4m608s3k_0.mid
408,Q1_2Z9SjI131jA_9.mid
409,Q2_dtS02mrDMsM_1.mid
410,Q2_ijfxkQPAQdE_2.mid
411,Q2_D-gDPh9ZpFk_1.mid
412,Q2_k-FNDbK6Qhg_2.mid
413,Q3_bbU31JLtlug_1.mid
414,Q3_FUAK5TBaNY8_0.mid
415,Q2_jrVXitpLGMk_1.mid
416,Q2_kKFwiXKlhC8_0.mid
417,Q4_YAAxPW1GB7w_1.mid
418,Q1_o5AIp2Yc01M_0.mid
419,Q4_a5QCcwEjxAk_0.mid
420,Q1_6kRPHamGDSo_3.mid
421,Q3_iwxwLEvqeD8_0.mid
422,Q4_f2b4kpdw7_c_1.mid
423,Q1_3ahg_eQZhxs_0.mid
424,Q3_nBIls0laAAU_0.mid
425,Q3_uj3Gif77SYM_2.mid
426,Q3_TonQX8XbvX8_2.mid
427,Q3_77z6Ep3aOmg_0.mid
428,Q4_FSzOgraSKhs_1.mid
429,Q3_0lEL_XHyhuU_2.mid
430,Q4_JP3QKZlyQz4_2.mid
431,Q2_lalnGhxT3PQ_0.mid
432,Q1_sUJ4a74Skk8_0.mid
433,Q1_FfwKrQyQ7WU_0.mid
434,Q1_7yW9c7t8Hq0_2.mid
435,Q1_8rupdevqfuI_2.mid
436,Q3_QJlnTN7HRwE_0.mid
437,Q1_5Ju9q1N2x0E_2.mid
438,Q3_zMa78n8ULtE_1.mid
439,Q1_6kRPHamGDSo_1.mid
440,Q4_DvIH5yUrboc_1.mid
441,Q2_5NW0zDu6IYM_1.mid
442,Q4_T92R7xjce34_0.mid
443,Q4_--2B4d4lQhs_3.mid
444,Q1_K6OFDxBU370_0.mid
445,Q1_2Z9SjI131jA_14.mid
446,Q3_tLmXAWfbGqs_0.mid
447,Q4_vpTguZtJAFA_0.mid
448,Q4_CkjAksZstEA_0.mid
449,Q4_Gcbk0GPT3-g_0.mid
450,Q2_qlbazHayULg_2.mid
451,Q4_pRuwHN-lI44_0.mid
452,Q2_0J7lX-Tcx-w_1.mid
453,Q2_jTPXwbDtIpA_1.mid
454,Q1_aYe-2Glruu4_4.mid
455,Q4_nGkpcWNAxDU_2.mid
456,Q2_jO2zX6Ul8GM_1.mid
457,Q3_epMOLn5Axw0_0.mid
458,Q1_ANZf1QXsNrY_4.mid
459,Q3_H6_7DjsbROQ_1.mid
460,Q3_kopwU6zpS4k_0.mid
461,Q4_ADJ_PDauy-g_1.mid
462,Q4_jO2zX6Ul8GM_2.mid
463,Q2_b8HVQtIoBYU_1.mid
464,Q4_KRlAez34QfE_1.mid
465,Q3_PLfFWFZflQU_1.mid
466,Q4_1vjy9oMFa8c_1.mid
467,Q4_ltxNPJda7zE_3.mid
468,Q3_wqc8iqbDsGM_1.mid
469,Q2_UAm0aWvzFI8_0.mid
470,Q3_PLfFWFZflQU_0.mid
471,Q1_yFw_kO7DF-Y_2.mid
472,Q4_XPLYvpyfKUM_0.mid
473,Q1_bQS8eAXAhyE_0.mid
474,Q4_oTi57hZfArE_2.mid
475,Q4_k6aLLVX1D7Y_1.mid
476,Q3_wfXSdMsd4q8_4.mid
477,Q2_pouxqiySdI8_0.mid
478,Q2_1EDThWjNxOI_0.mid
479,Q2_k4lT-sXg3iI_0.mid
480,Q3_By3JCii1k3w_2.mid
481,Q1_2Z9SjI131jA_13.mid
482,Q1_s6-SbDSZzEU_0.mid
483,Q1_1Qc15G0ZHIg_1.mid
484,Q4_ldCQ6N9G6Mk_1.mid
485,Q3_MbvPxCUMSek_0.mid
486,Q3_K84TcgjCRt4_0.mid
487,Q4_FSzOgraSKhs_0.mid
488,Q1_J6X3rVU1H-c_1.mid
489,Q4_9v2WSpn4FCw_9.mid
490,Q1_iFgSjUqI7iM_1.mid
491,Q2_9v2WSpn4FCw_6.mid
492,Q3_egYSmNuIFGk_1.mid
493,Q4_9eMxCs-LXCE_0.mid
494,Q4_PK8YIUaV3Xw_1.mid
495,Q2_8c7kcmsnf-s_1.mid
496,Q4_d_49EtXDMFE_2.mid
497,Q3_4Er-eFHSHA4_1.mid
498,Q4_ltxNPJda7zE_4.mid
499,Q1_jziI_cuN_H8_0.mid
500,Q2_yhIncZ_Ue4E_1.mid
501,Q4_yC0fAQxGgr0_1.mid
502,Q4_JT1XJnVmABo_0.mid
503,Q4_heBmBQDWj-M_1.mid
504,Q4_lTxVVdhFE6Q_0.mid
505,Q1_2Z9SjI131jA_1.mid
506,Q2_D5kyjnlDNZs_0.mid
507,Q1_gwmVjvR-sVs_0.mid
508,Q4_Xf2fox7zhCQ_2.mid
509,Q4_ADJ_PDauy-g_0.mid
510,Q2_9v2WSpn4FCw_5.mid
511,Q1_ZgT7yq2jsBk_0.mid
512,Q3_veG92Oi-DlU_0.mid
513,Q2_BzqX-9TA-GY_1.mid
514,Q1_NGE9ynTJABg_2.mid
515,Q1_2Z9SjI131jA_12.mid
516,Q2_38i12IPkL5c_1.mid
517,Q4_9eMxCs-LXCE_1.mid
518,Q1_SQDuF0qxGQw_2.mid
519,Q3_ltxNPJda7zE_2.mid
520,Q2_epX33OVpkmA_2.mid
521,Q4_pkz8OkWhwnk_0.mid
522,Q4_5J_zI7QE9W8_1.mid
523,Q1_Y5JcZQ0xg4Y_3.mid
524,Q3_0wRQRwnQiqY_0.mid
525,Q2_0qYNvMCEwaw_0.mid
526,Q2_cm6E860vDjY_2.mid
527,Q1__8v0MFBZoco_0.mid
528,Q1_2Z9SjI131jA_7.mid
529,Q2_aYe-2Glruu4_2.mid
530,Q2_cFWdWpyvwag_1.mid
531,Q4_XWk5XUEBXmg_1.mid
532,Q2_UE0y8MHqT-g_1.mid
533,Q1_aYe-2Glruu4_1.mid
534,Q3_bfopzItCYrE_0.mid
535,Q4_jSWItJI-Gmk_1.mid
536,Q4_VCSDjQxAJzc_2.mid
537,Q4_kMHiU0fhWVw_1.mid
538,Q4_12tDlCQVRtA_2.mid
539,Q4_Tjno89OVuRI_0.mid
540,Q1_60LLKmpgzRM_0.mid
541,Q4_bfopzItCYrE_2.mid
542,Q2_WBxql6cuU7c_0.mid
543,Q1_2Z9SjI131jA_0.mid
544,Q4_Tc684nD8CEA_3.mid
545,Q2_UTo7E0evQWw_0.mid
546,Q3_2v6gJi03LlA_0.mid
547,Q4_vpTguZtJAFA_2.mid
548,Q3_X1p8xcarVu0_1.mid
549,Q2_D-gDPh9ZpFk_0.mid
550,Q2_sEQf5lcnj_o_2.mid
551,Q4_5J_zI7QE9W8_2.mid
552,Q4_rW1I58_lMEg_3.mid
553,Q4_IgpNyJVWcBo_0.mid
554,Q3_uj3Gif77SYM_8.mid
555,Q4_v3Nl5rUxLqE_0.mid
556,Q2_9v2WSpn4FCw_8.mid
557,Q2_x5ibvz38jOs_1.mid
558,Q1_gSwv8hZGM-s_0.mid
559,Q4_Hwd6l9jK7bo_0.mid
560,Q2_0J7lX-Tcx-w_0.mid
561,Q2_L3_TadjSQQ0_0.mid
562,Q2_Dg935IbDggo_2.mid
563,Q2_l-4Kce3YxxQ_3.mid
564,Q4_12tDlCQVRtA_1.mid
565,Q4_DvIH5yUrboc_0.mid
566,Q3_REq37pDAm3A_3.mid
567,Q1_WpZ1rWHOCAQ_2.mid
568,Q4_lTxVVdhFE6Q_1.mid
569,Q3_ilCcZpD39HU_2.mid
570,Q1_pNwQ9Tu_bCs_1.mid
571,Q1_8izVTDgBQPc_0.mid
572,Q2_S1T3UF1vhSk_2.mid
573,Q3_QJlnTN7HRwE_2.mid
574,Q1_9v2WSpn4FCw_2.mid
575,Q2_JMt4m608s3k_1.mid
576,Q4_V3Y9L4UOcpk_1.mid
577,Q4_Dw7M69CidJ8_2.mid
578,Q3_wlOa1jkTn_U_0.mid
579,Q2_1EDThWjNxOI_1.mid
580,Q4_ldCQ6N9G6Mk_5.mid
581,Q2_9v2WSpn4FCw_3.mid
582,Q4_7gifuoofgpk_1.mid
583,Q1_6Uf9XBUD3wE_0.mid
584,Q2_QmK_SND2jAw_0.mid
585,Q3_REq37pDAm3A_1.mid
586,Q2_epX33OVpkmA_1.mid
587,Q1_PdwxeMPXOCk_1.mid
588,Q1_GbUV3TXUzeQ_1.mid
589,Q4_d_49EtXDMFE_0.mid
590,Q1_Cg2u_Ldjv8g_1.mid
591,Q4_1vjy9oMFa8c_3.mid
592,Q4_pkz8OkWhwnk_1.mid
593,Q1_J6X3rVU1H-c_2.mid
594,Q3_REq37pDAm3A_0.mid
595,Q1_IH2KrGjKXw0_3.mid
596,Q3_7JIdJLkJ0S4_3.mid
597,Q3_X1p8xcarVu0_3.mid
598,Q1_vv6nrZ2myXw_0.mid
599,Q1_osxmQReE_2o_0.mid
600,Q1_gwmVjvR-sVs_1.mid
601,Q1_9v2WSpn4FCw_10.mid
602,Q2_3_MxhSS86oU_1.mid
603,Q3_Oku8sIpTMAE_2.mid
604,Q1_bIx4DwkZxFY_2.mid
605,Q1_k4dxAlI5N-k_1.mid
606,Q4_rW1I58_lMEg_0.mid
607,Q3_x4B0raxVODA_2.mid
608,Q1_vv6nrZ2myXw_2.mid
609,Q2_bfopzItCYrE_1.mid
610,Q2_-jJVb0xvbdg_1.mid
611,Q2_rEz0D3VohFA_1.mid
612,Q1_fey-8bOR95E_0.mid
613,Q2_rEz0D3VohFA_2.mid
614,Q4_170KC2CbJ7Y_1.mid
615,Q2_ZTrEoB8T9YA_1.mid
616,Q3_BzqX-9TA-GY_0.mid
617,Q3_0lEL_XHyhuU_1.mid
618,Q2_ANZf1QXsNrY_7.mid
619,Q4_Dw7M69CidJ8_3.mid
620,Q4_JxSU49jFKwM_1.mid
621,Q1_pNwQ9Tu_bCs_2.mid
622,Q3_UuLTvhERcnk_1.mid
623,Q2_38i12IPkL5c_0.mid
624,Q4_-_FjI4bT2Wo_0.mid
625,Q3_qlbazHayULg_13.mid
626,Q4_Q49PWE0RJLY_1.mid
627,Q4_heBmBQDWj-M_2.mid
628,Q4_fShAWhXIits_1.mid
629,Q3_wfXSdMsd4q8_0.mid
630,Q3_16OaOpfOPZ0_1.mid
631,Q2_8TYY0qG-KOw_1.mid
632,Q1_jziI_cuN_H8_1.mid
633,Q4_AjN_5CdVUdw_0.mid
634,Q2_dtS02mrDMsM_2.mid
635,Q4_Xlv4PPGrRRs_1.mid
636,Q1__kJtgm1OUNA_2.mid
637,Q2_D5kyjnlDNZs_2.mid
638,Q3_cCfEDTkuMvg_0.mid
639,Q2_nOIBJHkqrE8_1.mid
640,Q4_J6X3rVU1H-c_0.mid
641,Q1_TNoaOTrTkTQ_1.mid
642,Q4_UaYYMRkHMYc_1.mid
643,Q1_Cg2u_Ldjv8g_0.mid
644,Q2_S7Bo4-NCEDk_1.mid
645,Q4_Cir1kZyB7QM_1.mid
646,Q2_jO2zX6Ul8GM_0.mid
647,Q1_PdwxeMPXOCk_2.mid
648,Q3_wqc8iqbDsGM_4.mid
649,Q3_p2qihp_PnLY_0.mid
650,Q3_nBao46YGZDg_0.mid
651,Q4_1vjy9oMFa8c_0.mid
652,Q1_qlbazHayULg_8.mid
653,Q4_Tc684nD8CEA_0.mid
654,Q1_3N2G21U7guk_3.mid
655,Q1_4ydjOX3pWds_1.mid
656,Q2_Q5b5unyP8BM_1.mid
657,Q4_OgkB7PfqWzA_1.mid
658,Q1_dfNdpy8TUzA_2.mid
659,Q1_POaIGvLsp5M_0.mid
660,Q2_1kny88W533Q_2.mid
661,Q2_9v2WSpn4FCw_4.mid
662,Q2_qlbazHayULg_4.mid
663,Q4_wzSr6qR3Ra0_0.mid
664,Q3_H6_7DjsbROQ_4.mid
665,Q1_UOSlDydo94E_2.mid
666,Q3_9Xg69XrVaYU_2.mid
667,Q1_vv6nrZ2myXw_4.mid
668,Q2_yhIncZ_Ue4E_2.mid
669,Q1_Jn9r0avp0fY_2.mid
670,Q1_SlsXsqotUis_0.mid
671,Q3_By3JCii1k3w_0.mid
672,Q2_z5ewpQwGDNw_2.mid
673,Q1_RaUSISlnhKw_2.mid
674,Q2_z5ewpQwGDNw_0.mid
675,Q3_Oku8sIpTMAE_3.mid
676,Q2_cm6E860vDjY_1.mid
677,Q2_yrvKReuwVlY_3.mid
678,Q1_1Qc15G0ZHIg_2.mid
679,Q3_kDGmND1BgmA_1.mid
680,Q2_ItGNJM6skM4_1.mid
681,Q4_jNzZCplNNyY_1.mid
682,Q4_vBHoSz8cJIE_1.mid
683,Q4_FyK_c-TIcCA_2.mid
684,Q3_TYkTOwBfFB8_1.mid
685,Q4_vBHoSz8cJIE_0.mid
686,Q2_cQp1BYDGcRo_1.mid
687,Q4_KxlqB3j0zys_4.mid
688,Q3_By3JCii1k3w_1.mid
689,Q3_yZGBxiNPu3k_1.mid
690,Q4_lvfNo4KOTmM_1.mid
691,Q2_7n32BtYb4d4_3.mid
692,Q1_PdwxeMPXOCk_0.mid
693,Q4_ltNK_MY1HkM_0.mid
694,Q3_x4B0raxVODA_0.mid
695,Q1_Jn9r0avp0fY_3.mid
696,Q4_egYSmNuIFGk_0.mid
697,Q4_q4T8Znozvkk_0.mid
698,Q4_3N2G21U7guk_1.mid
699,Q4_8TYY0qG-KOw_0.mid
700,Q4_iXiSFSGws-c_1.mid
701,Q3_16OaOpfOPZ0_0.mid
702,Q2_0H4rq0L9OSw_0.mid
703,Q2_D-gDPh9ZpFk_2.mid
704,Q1_FfwKrQyQ7WU_2.mid
705,Q1_94ROf10d1iA_0.mid
706,Q2_yrvKReuwVlY_2.mid
707,Q2_ivCNV47tsRw_2.mid
708,Q3_g-yM0Lsp4lc_0.mid
709,Q4_3N2G21U7guk_0.mid
710,Q4_j8Ir-ssM-AA_0.mid
711,Q3_MbvPxCUMSek_2.mid
712,Q2_38i12IPkL5c_2.mid
713,Q4_mGYKWCVnMwQ_0.mid
714,Q2_jTPXwbDtIpA_2.mid
715,Q2_FUAK5TBaNY8_1.mid
716,Q1_aYe-2Glruu4_0.mid
717,Q4_NzJjMGJg1wE_0.mid
718,Q4_lQCrA2TE-fo_1.mid
719,Q1_dfNdpy8TUzA_0.mid
720,Q4_HYVmgq5Y93g_0.mid
721,Q1_bIx4DwkZxFY_1.mid
722,Q3_ijfxkQPAQdE_0.mid
723,Q4_UpHutdJvZMI_0.mid
724,Q1_aYe-2Glruu4_3.mid
725,Q3_4Er-eFHSHA4_0.mid
726,Q2_l-4Kce3YxxQ_4.mid
727,Q3_nBIls0laAAU_2.mid
728,Q4_rW1I58_lMEg_1.mid
729,Q4_JP3QKZlyQz4_1.mid
730,Q2_lFznCt5kvXM_0.mid
731,Q4_MT2_mXn-vGU_2.mid
732,Q2_3_MxhSS86oU_0.mid
733,Q4_vBHoSz8cJIE_2.mid
734,Q1_JYVXM0qNQAg_0.mid
735,Q4_V_jbWvQNh5c_1.mid
736,Q4_oTi57hZfArE_1.mid
737,Q4_UaYYMRkHMYc_0.mid
738,Q1_Xsn9zT-05ns_1.mid
739,Q4_rW1I58_lMEg_2.mid
740,Q4_1A9Hh2GrDTs_0.mid
741,Q4_HQ8ISDX6PiI_0.mid
742,Q1_9v2WSpn4FCw_0.mid
743,Q3_0lEL_XHyhuU_0.mid
744,Q3_qlbazHayULg_9.mid
745,Q1_JT1XJnVmABo_5.mid
746,Q4_ltxNPJda7zE_0.mid
747,Q2_08t73Qgjkt4_0.mid
748,Q3_ldCQ6N9G6Mk_4.mid
749,Q3_2eIsQtm4YNs_1.mid
750,Q1_UYh88SRZC24_1.mid
751,Q4_XPLYvpyfKUM_1.mid
752,Q4_KRlAez34QfE_0.mid
753,Q4_ltxNPJda7zE_1.mid
754,Q1_2Z9SjI131jA_10.mid
755,Q4_7yW9c7t8Hq0_0.mid
756,Q2_snfsc7pEzlk_2.mid
757,Q4_-_FjI4bT2Wo_2.mid
758,Q4_I2MrA-o5H8I_2.mid
759,Q4_rDhbGjFlKF8_1.mid
760,Q3_tw_lArYiHTo_0.mid
761,Q1_HY9vPoHbgaI_0.mid
762,Q3_AacIP9mDLw8_1.mid
763,Q3_wlOa1jkTn_U_1.mid
764,Q3_9Xg69XrVaYU_1.mid
765,Q3_wS0RzrBL9UI_1.mid
766,Q4_MT2_mXn-vGU_1.mid
767,Q1_ANZf1QXsNrY_0.mid
768,Q3_IH2KrGjKXw0_2.mid
769,Q4_2w5XkAt_3WU_0.mid
770,Q1_8izVTDgBQPc_1.mid
771,Q3_ZvD8QSO7NPw_2.mid
772,Q1_KxlqB3j0zys_0.mid
773,Q1_RaUSISlnhKw_1.mid
774,Q1_94ROf10d1iA_1.mid
775,Q3_nFunbdBrukY_0.mid
776,Q1_9Yb9OEVwups_0.mid
777,Q4_OgkB7PfqWzA_0.mid
778,Q1__8v0MFBZoco_1.mid
779,Q2_1kny88W533Q_4.mid
780,Q4_Tc684nD8CEA_1.mid
781,Q1_JYVXM0qNQAg_2.mid
782,Q4_a5QCcwEjxAk_1.mid
783,Q4_pRuwHN-lI44_2.mid
784,Q4_PK8YIUaV3Xw_0.mid
785,Q1_Y5JcZQ0xg4Y_1.mid
786,Q4_u_7b9CwyM8Q_1.mid
787,Q2_78C_TpQDvVE_0.mid
788,Q2_3ZnxqCZ7qGg_1.mid
789,Q3_4Er-eFHSHA4_3.mid
790,Q4_3N2G21U7guk_4.mid
791,Q4_HYVmgq5Y93g_1.mid
792,Q2_16OaOpfOPZ0_3.mid
793,Q2_f2BXXa7lPuE_3.mid
794,Q2_gvWDOIiocuE_1.mid
795,Q1_ANZf1QXsNrY_2.mid
796,Q1_iFgSjUqI7iM_0.mid
797,Q1_fey-8bOR95E_2.mid
798,Q4_UaYYMRkHMYc_2.mid
799,Q4_I2MrA-o5H8I_0.mid
800,Q3_FUAK5TBaNY8_2.mid
801,Q2_JT1XJnVmABo_6.mid
802,Q3_uj3Gif77SYM_1.mid
803,Q3_wS0RzrBL9UI_2.mid
804,Q2_S7Bo4-NCEDk_0.mid
805,Q1_k4dxAlI5N-k_0.mid
806,Q3_VrWAZLRdQO8_0.mid
807,Q3_7JIdJLkJ0S4_2.mid
808,Q1_4ydjOX3pWds_0.mid
809,Q4_OoxI6k0Qsno_0.mid
810,Q4_Xf2fox7zhCQ_0.mid
811,Q3_xYZ8n8ULaNo_1.mid
812,Q1__kJtgm1OUNA_1.mid
813,Q1_HY9vPoHbgaI_3.mid
814,Q4_TOXg4-ZGb-g_1.mid
815,Q1_Xsn9zT-05ns_0.mid
816,Q4_TcFVq0leii4_0.mid
817,Q4_JxSU49jFKwM_0.mid
818,Q1_UJcnNfeCN1c_3.mid
819,Q3_JNzqL24ZcZ8_2.mid
820,Q1_5NW0zDu6IYM_2.mid
821,Q1_3ahg_eQZhxs_1.mid
822,Q2_7n32BtYb4d4_0.mid
823,Q4_Y1F0c3zgMJo_0.mid
824,Q4_5Ju9q1N2x0E_0.mid
825,Q4_TOXg4-ZGb-g_2.mid
826,Q1_GbUV3TXUzeQ_2.mid
827,Q2_k-FNDbK6Qhg_0.mid
828,Q2_XfA2KXodrOE_1.mid
829,Q4_vBHoSz8cJIE_3.mid
830,Q3_qRceKZtwRWA_1.mid
831,Q2_f2BXXa7lPuE_2.mid
832,Q2_f2BXXa7lPuE_1.mid
833,Q1_pNwQ9Tu_bCs_0.mid
834,Q2_b8HVQtIoBYU_0.mid
835,Q4_VCSDjQxAJzc_1.mid
836,Q2_BzqX-9TA-GY_2.mid
837,Q2_dtS02mrDMsM_3.mid
838,Q3_NTI9ode6bRk_0.mid
839,Q3_rrD7XMtPs0Q_0.mid
840,Q4_ltNK_MY1HkM_2.mid
841,Q4_d_49EtXDMFE_1.mid
842,Q2_ItGNJM6skM4_2.mid
843,Q4_Tjno89OVuRI_1.mid
844,Q3_ilCcZpD39HU_1.mid
845,Q1_V3Y9L4UOcpk_2.mid
846,Q4_Hwd6l9jK7bo_1.mid
847,Q4_pRuwHN-lI44_3.mid
848,Q1_e8NQ2NH0nc8_0.mid
849,Q4_YhXRyOl5pi0_0.mid
850,Q2_dtS02mrDMsM_4.mid
851,Q4_aQ4PIaRMLwE_0.mid
852,Q2_WQrPcuy50aA_1.mid
853,Q2_3ZnxqCZ7qGg_2.mid
854,Q3_1kny88W533Q_1.mid
855,Q4_v3Nl5rUxLqE_1.mid
856,Q4_u_7b9CwyM8Q_0.mid
857,Q2_Dg935IbDggo_1.mid
858,Q3_JNzqL24ZcZ8_1.mid
859,Q4_rDhbGjFlKF8_0.mid
860,Q2_kKFwiXKlhC8_1.mid
861,Q2_qlbazHayULg_6.mid
862,Q4_k6aLLVX1D7Y_0.mid
863,Q4_prUUays30Mg_0.mid
864,Q3_FH28sPhm9Dc_1.mid
865,Q2_lalnGhxT3PQ_1.mid
866,Q1_1vjy9oMFa8c_2.mid
867,Q4_pRuwHN-lI44_1.mid
868,Q2_7n32BtYb4d4_1.mid
